,id,cuisine
26882,37084,indian
10136,48456,mexican
31329,14402,italian
32291,35793,mexican
26933,23137,italian
11897,44257,greek
31780,2550,italian
9333,45891,vietnamese
17110,2353,thai
22678,31645,chinese
35124,16265,mexican
30086,660,mexican
8341,7913,irish
881,17559,mexican
10003,37781,japanese
21767,31916,french
15583,27742,italian
17910,22992,italian
19802,18586,cajun_creole
37923,30269,chinese
1127,17522,chinese
38431,11334,mexican
18123,5440,indian
17939,42933,irish
5862,31585,french
6866,31211,french
20520,16172,italian
35915,16384,japanese
8153,40886,spanish
28,9197,chinese
39615,12365,italian
38163,21742,italian
9296,42807,italian
876,14287,chinese
3815,34650,thai
22870,14295,indian
30329,40338,southern_us
9802,42578,italian
5683,8623,southern_us
2151,1117,chinese
18,2941,vietnamese
22524,25818,cajun_creole
37990,9254,irish
26097,3007,mexican
29120,15428,italian
14989,30231,italian
21590,5230,italian
21717,34480,italian
30503,37501,french
8185,5828,italian
34760,17531,italian
24316,12421,italian
30445,29093,italian
3526,47010,mexican
38825,33517,chinese
860,49068,southern_us
32773,1633,italian
20381,6050,italian
19101,28054,indian
22510,27197,italian
216,6745,mexican
31479,32962,cajun_creole
33328,22020,italian
26624,44938,italian
18442,25561,mexican
15083,11293,southern_us
18102,2606,mexican
14113,15543,greek
464,13489,mexican
25211,26533,mexican
1939,45470,southern_us
31289,44364,moroccan
26718,23668,italian
24725,29563,southern_us
23948,39677,brazilian
17326,12800,southern_us
6875,16928,italian
20329,26747,greek
6479,44607,cajun_creole
39411,49318,southern_us
36107,24750,southern_us
18907,2361,italian
21151,46286,italian
25297,33133,cajun_creole
2716,31467,italian
30033,19507,mexican
30559,45699,mexican
25556,27225,japanese
37659,31001,mexican
22397,4564,italian
29619,41561,mexican
7155,36393,southern_us
33980,43070,chinese
23721,22091,indian
30617,33707,mexican
31594,1220,french
39573,27881,italian
17601,20986,southern_us
18787,17694,italian
12738,45782,mexican
9277,19582,italian
23072,37015,southern_us
36416,8375,chinese
19256,29790,chinese
6087,31904,italian
2979,9654,italian
25963,19150,southern_us
15796,47887,italian
337,43711,southern_us
10944,18912,chinese
27617,15332,mexican
32169,5836,italian
6590,27996,greek
19083,10735,spanish
13420,14218,italian
37552,33052,chinese
6041,24728,southern_us
7182,43926,italian
32037,7413,mexican
23206,20142,mexican
502,6967,mexican
22473,35567,italian
30240,25277,italian
30179,6672,southern_us
7022,26547,mexican
37597,33317,southern_us
18418,16679,italian
36274,31689,chinese
33211,42750,chinese
23010,12603,cajun_creole
21270,7219,southern_us
35017,43690,italian
28135,6145,moroccan
38653,27759,mexican
32438,11725,southern_us
15214,49062,irish
8953,8958,italian
34289,7483,french
10708,17846,indian
31417,28633,moroccan
3442,25075,italian
844,3109,british
4943,14433,italian
3669,36664,irish
11584,33223,mexican
33353,15204,mexican
13130,15459,italian
24726,45804,mexican
5305,3331,italian
3568,33559,greek
19177,10610,mexican
38851,6505,southern_us
21801,26157,southern_us
16021,36330,japanese
5961,15613,italian
6293,14955,italian
34015,26235,southern_us
38269,32081,italian
32042,15246,italian
21283,23009,mexican
27700,9040,japanese
5599,16367,italian
28455,37265,chinese
14086,36067,chinese
24735,36481,italian
35401,2959,southern_us
26322,11724,chinese
7377,47708,italian
3645,24849,indian
27680,28664,italian
16382,19352,southern_us
39210,42502,mexican
3570,11315,mexican
7520,2023,southern_us
17224,493,french
26461,32673,chinese
107,31318,italian
18066,40419,southern_us
19123,47756,chinese
15686,12532,southern_us
32476,35090,spanish
3375,21472,italian
10909,4164,mexican
18360,4869,southern_us
11759,44143,chinese
25522,26530,indian
31756,37274,mexican
38652,26590,southern_us
35645,37176,vietnamese
19986,44472,italian
15954,25820,italian
15572,30078,mexican
26950,31878,mexican
16184,8644,southern_us
1062,28271,vietnamese
37181,42131,french
39039,22473,italian
6768,37158,cajun_creole
18680,15097,italian
27632,9785,italian
23561,1871,thai
9096,31889,mexican
5748,1387,italian
4103,17129,italian
22481,28700,southern_us
25284,29113,indian
23517,3956,italian
12771,36940,mexican
17269,5472,mexican
22517,10791,southern_us
24139,1422,southern_us
26267,33977,southern_us
21288,36199,italian
10759,14736,mexican
14395,4156,italian
30841,6607,mexican
24660,19829,italian
21256,26744,indian
33275,11915,mexican
5307,16638,greek
36846,47657,mexican
6117,29708,southern_us
10430,47971,japanese
14182,22798,chinese
16697,34694,chinese
30276,1318,southern_us
36765,21208,spanish
28970,23729,jamaican
36277,38475,french
7770,33389,cajun_creole
35556,17577,italian
5858,42387,southern_us
38344,44097,italian
34747,33634,southern_us
22856,41371,southern_us
5601,40179,indian
17673,3162,southern_us
4251,3890,indian
27572,23585,vietnamese
19081,27215,french
21805,42886,mexican
22196,10535,italian
28181,523,french
6811,41212,southern_us
10966,35194,southern_us
11005,33183,chinese
35300,43811,italian
25124,31218,vietnamese
10676,45770,italian
39709,16201,italian
21800,27967,mexican
25028,4073,southern_us
935,20957,moroccan
11963,16456,vietnamese
2950,41695,italian
9368,33708,italian
19430,7012,japanese
10542,11537,french
8063,3926,korean
23619,5221,korean
6618,40276,indian
34661,32115,british
6908,19423,southern_us
2522,36057,italian
9112,25384,italian
7825,7944,mexican
21702,7052,italian
36772,43856,cajun_creole
30997,13217,italian
20418,44956,italian
31793,33610,southern_us
37914,36136,mexican
39688,45985,italian
6784,42672,italian
8406,13848,irish
31411,34011,southern_us
24299,35854,italian
23632,20992,italian
10146,42593,greek
30958,28980,mexican
25805,33932,southern_us
8820,30012,thai
34224,43324,thai
32007,41789,korean
25616,38327,italian
21975,14737,french
16187,43883,mexican
9589,37489,southern_us
29257,44863,italian
16654,33753,italian
26700,13943,southern_us
22399,22690,cajun_creole
14256,25869,thai
23937,9745,chinese
34491,48474,southern_us
17934,10116,italian
30114,27828,italian
24669,46095,mexican
20160,38532,thai
15989,31323,southern_us
32757,29063,brazilian
31927,15099,spanish
13068,46144,irish
10323,27009,italian
31,34419,cajun_creole
28955,12307,italian
32562,43655,thai
32691,49022,italian
26880,37957,chinese
21661,28663,mexican
14743,13361,southern_us
11081,26399,italian
31131,4957,indian
33222,5009,italian
5000,24549,italian
30417,21196,mexican
22708,19449,mexican
32487,7898,italian
1969,43759,indian
9835,27570,southern_us
36738,26147,chinese
38796,31247,southern_us
14390,7419,spanish
12015,37551,chinese
34186,44966,italian
15717,12337,indian
25099,34110,french
39744,5680,italian
30452,34519,french
21212,25082,southern_us
25806,15581,chinese
25734,19987,korean
22419,17957,chinese
35533,3867,italian
965,14471,italian
27675,22973,italian
6401,21285,southern_us
11207,24494,italian
22221,30268,mexican
37101,14687,southern_us
2772,5223,mexican
29777,12333,mexican
37307,43780,italian
13167,33288,italian
7708,7743,italian
39138,46351,thai
14999,780,southern_us
37831,40727,southern_us
20235,18092,italian
24069,45976,italian
21809,20734,italian
16770,37619,mexican
18535,43123,indian
13008,14209,korean
37846,31788,thai
31450,22804,southern_us
30271,12068,indian
15879,14160,italian
4765,23109,southern_us
15883,44540,thai
7122,22182,japanese
21721,32328,italian
35354,7070,mexican
16237,39088,russian
39642,12803,chinese
8600,16399,greek
21537,2994,japanese
23764,31334,southern_us
19752,5528,italian
28225,15689,italian
24111,45540,italian
5102,24138,southern_us
2074,14317,italian
2446,6546,southern_us
18887,32311,southern_us
29185,6107,italian
8121,21592,italian
20314,10254,brazilian
31109,46307,mexican
26139,22986,italian
5439,23069,southern_us
33716,49030,italian
16863,3626,italian
9086,22636,italian
12226,32848,japanese
17172,45555,mexican
17444,35896,indian
35172,8817,southern_us
24247,14901,mexican
31071,15801,southern_us
30007,8504,italian
6568,22346,indian
15138,11512,italian
38287,13746,mexican
12230,34886,mexican
12806,41711,japanese
22246,2768,italian
38380,23275,mexican
23570,26846,indian
33351,46018,southern_us
20549,20216,jamaican
26178,9271,italian
25537,43699,japanese
24526,30399,italian
33685,7495,italian
21235,43654,mexican
11453,24671,korean
390,37109,italian
18132,29134,italian
29959,2969,mexican
8802,48916,italian
20646,49716,indian
29972,33036,thai
19219,45467,chinese
8590,26401,italian
15795,7816,italian
2482,33181,italian
8427,47359,southern_us
18015,43170,italian
8079,25247,chinese
2921,6365,italian
5429,35512,mexican
8482,24832,southern_us
1814,7041,cajun_creole
6205,15573,italian
8495,33311,mexican
19807,38852,mexican
15775,2557,cajun_creole
31306,26664,spanish
29553,6094,southern_us
1239,30072,greek
36996,37098,mexican
23218,16446,indian
30462,12170,thai
4099,16341,italian
38752,30569,spanish
21042,38158,italian
34931,15809,italian
28184,24198,italian
17819,47779,italian
10828,47818,mexican
36718,39722,cajun_creole
3908,40743,italian
34517,4762,chinese
17467,42581,indian
23183,36256,moroccan
18882,39628,mexican
2680,1918,indian
17020,19808,italian
3306,20000,mexican
27814,11685,mexican
37847,27760,french
30098,12708,mexican
22564,966,italian
10232,43413,southern_us
5620,20497,thai
35083,43089,thai
11819,38765,mexican
12099,47082,italian
15014,37193,italian
27153,15377,italian
32294,2017,italian
7893,49080,italian
19718,6103,chinese
26317,18927,italian
26627,15311,italian
5929,9679,southern_us
35250,40876,chinese
4257,5679,japanese
25981,38104,italian
24476,17552,italian
28222,16647,italian
26957,12855,southern_us
10991,38083,mexican
11717,17804,thai
35374,44046,chinese
19190,13790,mexican
26042,40266,southern_us
187,29734,mexican
9743,7408,mexican
22117,47153,indian
21055,19796,french
38026,3752,thai
22303,31325,italian
26188,28785,filipino
9385,1682,italian
30711,20267,moroccan
10952,43297,spanish
22229,12210,italian
11475,42280,indian
8130,2415,italian
32429,11351,italian
39643,8587,italian
25704,19366,french
15437,40674,italian
25897,45091,filipino
11498,22195,chinese
18500,43712,southern_us
25719,47274,italian
6226,28926,indian
5350,15108,mexican
10724,32461,mexican
24685,25646,brazilian
9527,45912,southern_us
17252,38559,italian
9607,10858,chinese
18834,32754,mexican
7574,7516,italian
5337,42649,chinese
24356,38786,italian
28678,49365,french
17944,46461,french
20644,10468,chinese
22063,26722,southern_us
14538,21564,mexican
26835,1470,italian
33572,40872,spanish
31307,5991,italian
378,33717,moroccan
27484,5156,french
9364,18634,mexican
32016,3332,italian
35038,49107,mexican
16581,7410,italian
15290,43547,southern_us
28438,11742,mexican
9320,45989,southern_us
33796,8111,southern_us
13724,21055,southern_us
34345,10047,italian
33246,2639,italian
15777,10757,chinese
22350,7692,italian
37324,11483,italian
15100,25266,italian
29259,7155,southern_us
15624,19468,southern_us
4296,42341,mexican
8234,9137,chinese
27819,4456,italian
26663,14683,indian
9008,47009,jamaican
34976,38976,indian
6529,33026,french
17824,8655,southern_us
23294,39211,cajun_creole
4096,38132,french
21133,1821,indian
9060,39901,italian
6491,29864,italian
33104,16877,filipino
15886,22359,italian
19440,13376,mexican
36965,30136,chinese
12728,41956,mexican
16772,27399,irish
2460,8518,japanese
14412,1144,italian
13382,49293,korean
3469,47798,southern_us
18021,43603,italian
1627,39938,mexican
21872,2081,southern_us
13260,27024,mexican
24796,20225,italian
23321,33439,mexican
13478,7639,southern_us
27280,20845,chinese
28471,39839,italian
11765,16024,italian
31922,39159,french
16174,11117,southern_us
2948,44975,mexican
908,6209,italian
855,28636,italian
23758,4694,irish
31865,40900,italian
33172,33299,southern_us
31799,3613,italian
36325,46671,indian
37453,24554,mexican
33098,46525,italian
6059,9388,chinese
17082,18436,italian
15843,48701,mexican
12130,35814,irish
9727,25163,french
11076,38100,southern_us
27232,10290,southern_us
15461,15148,mexican
39403,4905,southern_us
31039,21754,italian
28060,46108,french
12028,12604,mexican
32973,19642,filipino
18189,5683,indian
3622,2150,italian
37391,12757,italian
20062,13252,mexican
36313,31751,southern_us
23516,40534,italian
4317,35479,southern_us
26640,23159,chinese
9494,32442,southern_us
36172,2087,chinese
18904,19977,italian
27145,28538,italian
10239,12217,southern_us
37988,13958,chinese
7995,9948,italian
12754,2248,italian
37873,6124,mexican
14119,15146,cajun_creole
6631,7417,chinese
14726,39685,chinese
11192,19865,thai
5731,13478,italian
3054,43207,italian
4945,16558,mexican
31140,39458,southern_us
29429,13326,italian
38701,30126,southern_us
38369,23984,thai
30658,29214,italian
18389,15393,indian
30294,37346,mexican
18972,38615,italian
7884,30262,cajun_creole
6650,37018,southern_us
15047,35243,italian
18141,25054,chinese
29825,29954,italian
16068,26826,spanish
28441,28127,mexican
36197,37283,mexican
14862,5297,southern_us
33712,33385,thai
2668,7971,southern_us
1476,31174,southern_us
10990,42594,mexican
5265,10659,filipino
39344,29959,cajun_creole
35068,23442,vietnamese
13888,2088,southern_us
8653,44783,vietnamese
22182,20246,italian
11805,24675,mexican
17847,31814,mexican
10941,37324,southern_us
34341,11678,southern_us
13586,31216,southern_us
26122,21808,italian
26252,47457,indian
5260,35866,chinese
13188,40871,italian
38594,46190,chinese
3453,3817,southern_us
4894,10661,southern_us
8476,45535,brazilian
27888,3576,italian
22532,37153,mexican
989,30519,italian
18306,25067,chinese
31833,31093,italian
1200,42945,southern_us
30420,22787,mexican
34048,19599,italian
1401,12908,filipino
5367,31311,italian
38864,29022,moroccan
12003,46390,italian
32855,4865,thai
33758,28984,mexican
38227,26914,italian
33078,43007,mexican
6195,5068,jamaican
22648,43806,mexican
3914,10866,italian
29037,8229,italian
1932,32196,italian
2178,43202,italian
13455,18443,italian
21370,29902,mexican
13524,16093,indian
24919,31248,mexican
16631,30018,moroccan
5409,8475,indian
29911,38342,chinese
32942,13576,italian
33719,19265,spanish
10480,30474,italian
29180,20345,indian
17953,9284,italian
26396,34317,italian
11199,43280,southern_us
18879,39461,chinese
13920,35342,italian
19766,26129,italian
23197,93,italian
18326,31432,italian
23312,41251,italian
23912,702,italian
5726,27586,cajun_creole
32834,36573,indian
17571,9176,mexican
7470,19405,french
32576,10398,indian
11238,15853,italian
6493,44292,mexican
15135,25337,italian
31199,42553,italian
1759,10899,southern_us
3170,22271,japanese
8206,28902,japanese
12224,33386,vietnamese
12472,15657,japanese
4451,17853,mexican
10639,5931,cajun_creole
6496,14754,italian
21960,1146,chinese
29450,42104,greek
27110,7323,indian
25217,19216,southern_us
12442,48399,mexican
4978,30210,italian
26027,46298,italian
6527,5376,italian
27518,3740,greek
1251,45394,cajun_creole
31584,17662,chinese
14293,32579,italian
36256,6183,mexican
36448,23795,cajun_creole
11657,14790,italian
6787,36818,italian
4668,20444,french
35344,27376,italian
13505,4654,italian
23712,9597,italian
15907,23641,italian
18815,10381,indian
23299,10198,mexican
28318,10156,italian
31614,28107,chinese
22491,35489,french
39072,12841,indian
26266,6554,spanish
5373,45045,indian
36435,19488,japanese
8875,28795,italian
35672,15723,italian
30136,22513,chinese
7975,8719,italian
8740,27481,mexican
33631,13745,italian
7747,30190,french
32274,17384,southern_us
18614,27532,italian
13893,35919,southern_us
23953,26421,italian
32991,22495,italian
33654,4503,southern_us
24062,5199,french
35241,4230,italian
39033,35269,mexican
37096,37671,italian
7680,18474,southern_us
25017,43696,cajun_creole
39692,47679,italian
21326,5603,russian
5935,46778,cajun_creole
27857,48758,chinese
22072,30420,italian
20471,37100,southern_us
19171,12956,chinese
39062,8269,chinese
32950,37403,vietnamese
6423,19469,italian
12316,7189,vietnamese
528,36636,italian
35512,16434,italian
3922,47725,brazilian
8725,7655,italian
6424,37950,italian
36614,5132,french
33907,6051,italian
35253,41560,spanish
20648,15203,mexican
12512,36866,mexican
30579,24515,mexican
14753,40079,indian
11315,20369,indian
20625,16110,italian
18179,4216,indian
27411,234,irish
15793,18090,thai
11705,12831,southern_us
38650,48116,southern_us
8477,16498,japanese
6835,38957,italian
16902,10530,russian
22724,4497,italian
19618,5146,chinese
31185,21207,chinese
14438,5358,italian
37031,8062,chinese
11450,40909,southern_us
15945,36378,southern_us
37629,13870,jamaican
11157,17765,mexican
36830,12377,french
27935,31359,brazilian
8930,36141,french
482,40360,mexican
5534,16849,italian
6640,5329,jamaican
1348,36716,italian
25506,49490,southern_us
20783,8556,italian
20911,8770,mexican
23097,13765,mexican
3337,11047,southern_us
22550,17773,mexican
11616,4245,japanese
29487,1574,italian
22154,37849,southern_us
18504,38182,korean
3962,19871,mexican
17969,39065,thai
28197,2044,southern_us
37879,33007,italian
39520,31755,indian
37438,19745,italian
15966,46735,southern_us
29059,31995,italian
11262,34534,spanish
13171,9884,italian
7687,7058,chinese
35247,12502,italian
4918,25271,mexican
23376,25710,italian
39120,38908,mexican
19021,12251,italian
3103,10888,indian
30298,11770,mexican
25994,43386,filipino
17688,13043,italian
36955,10642,thai
10145,6553,italian
4512,24023,french
17305,10862,mexican
22492,41720,southern_us
22435,44892,mexican
32540,34298,moroccan
14594,37823,thai
24376,17240,mexican
9533,38148,french
27807,24245,irish
15958,49082,italian
25799,5441,italian
21418,16743,thai
18987,21885,southern_us
3286,10187,chinese
33377,9648,italian
15194,18712,cajun_creole
12652,23359,mexican
20334,39172,italian
7617,45515,italian
20238,13873,italian
3258,41414,italian
24504,49357,italian
14909,36885,chinese
479,22461,chinese
12461,4758,italian
28756,22077,italian
22617,23587,italian
24361,13603,italian
35537,44325,mexican
25070,10634,indian
9543,21597,mexican
4497,33904,italian
32617,8560,southern_us
37966,16389,italian
33811,12171,korean
2622,20370,indian
34707,20838,italian
4888,7709,moroccan
22276,33303,mexican
2721,44406,thai
3887,25611,italian
16845,12516,mexican
3589,16474,british
8214,41079,mexican
1118,22247,greek
4760,34833,thai
19011,19522,southern_us
20285,38634,southern_us
26563,36094,mexican
37310,35759,mexican
7970,35708,southern_us
5240,45072,italian
26519,9688,southern_us
23988,21459,italian
21459,16527,italian
32008,9555,mexican
31478,1584,southern_us
1173,26534,italian
24245,39793,mexican
12919,2172,spanish
22643,30463,indian
29282,49506,vietnamese
6987,1142,italian
31242,28471,italian
32909,15675,italian
17265,16016,french
16755,36358,italian
15904,27680,mexican
1210,14432,mexican
1496,4960,french
14456,20944,italian
14601,6732,italian
8372,29834,italian
31787,25217,italian
1049,18003,southern_us
2656,27433,italian
28020,15263,irish
13031,33478,italian
36044,35118,chinese
22050,6629,italian
15172,8558,mexican
15632,30366,mexican
8227,33949,italian
21320,44743,italian
22248,318,thai
35964,15683,french
15370,10977,southern_us
28353,8101,mexican
38077,17113,moroccan
7329,32011,southern_us
21185,26829,chinese
32038,32797,italian
31512,23434,italian
302,42083,indian
6850,19822,southern_us
34959,18005,italian
14485,11456,chinese
13790,5519,italian
10561,19092,cajun_creole
22752,30025,italian
4356,12975,italian
34395,3981,italian
9603,765,italian
39261,12914,italian
37185,26174,italian
31775,36861,korean
32786,26160,chinese
16908,5538,italian
35156,9384,southern_us
9872,24424,greek
24486,37632,southern_us
14652,41706,italian
6268,14855,southern_us
38277,19085,italian
32734,31125,indian
265,18389,indian
2227,24663,irish
20935,1249,cajun_creole
39531,42274,italian
2617,36075,french
36841,37390,italian
25857,26359,french
19889,22663,cajun_creole
29612,22465,mexican
5584,15216,southern_us
25784,47118,indian
18640,17013,mexican
2475,11796,chinese
22319,11090,mexican
14139,34339,italian
26844,29705,southern_us
17861,43751,mexican
3089,35658,indian
17002,24956,indian
16132,10670,indian
28284,43133,italian
22264,6234,southern_us
10838,10137,indian
13691,45350,italian
32695,39302,italian
34684,32186,brazilian
28725,46638,italian
26228,28672,chinese
1399,44668,italian
36943,21483,korean
36018,36082,italian
23998,49150,mexican
10849,2725,southern_us
19349,20296,italian
10046,34796,southern_us
35684,40388,chinese
36944,31023,southern_us
9666,13962,mexican
11024,14628,italian
35608,47485,italian
10531,35519,southern_us
27533,42262,southern_us
15787,6834,mexican
21946,32932,spanish
2962,12347,italian
26694,30690,southern_us
39248,147,italian
30470,45015,italian
26390,24341,italian
26846,26155,greek
37232,26411,italian
38771,18225,southern_us
13833,19053,italian
32370,4897,indian
5854,10876,italian
22412,3949,indian
29323,16773,indian
1444,20429,italian
15450,23401,italian
35714,30272,thai
38306,8564,mexican
31773,47142,french
38425,36680,italian
20768,38466,indian
561,43665,mexican
29385,18289,mexican
5070,39198,french
28220,5378,vietnamese
22979,22418,chinese
12595,26015,thai
8331,30084,italian
3742,3857,southern_us
38545,33716,southern_us
32878,41687,italian
21603,46393,italian
1553,49416,italian
291,37704,spanish
7398,48690,mexican
30492,49187,southern_us
28279,25809,jamaican
2353,44667,french
24296,23551,thai
448,84,greek
7847,44684,chinese
4098,1922,southern_us
14466,32287,mexican
421,46635,indian
25822,18339,southern_us
3086,25910,italian
10686,13464,italian
30181,44162,italian
31585,12675,mexican
13457,14124,moroccan
477,14398,korean
14564,14322,spanish
37828,29942,southern_us
7219,33833,italian
38258,32135,thai
36239,41787,italian
9531,5180,italian
18875,27713,mexican
18813,18770,italian
32450,41641,italian
22988,4979,mexican
34205,31201,mexican
32002,36872,italian
3509,41126,italian
22361,30603,spanish
25003,35175,italian
3555,8852,italian
15233,15477,french
33841,28222,japanese
22432,9729,vietnamese
32643,21377,french
1013,25637,mexican
19472,7959,italian
27057,39409,mexican
39582,41162,southern_us
7856,22500,mexican
20778,39205,french
12441,32161,mexican
20270,36651,mexican
38483,14047,chinese
10372,40056,japanese
8877,7236,moroccan
24395,7584,italian
22074,29230,mexican
10618,35510,southern_us
22512,17067,italian
3565,3230,mexican
14738,8867,southern_us
28752,21773,mexican
15854,34619,italian
35873,47270,indian
21515,49619,italian
33526,4581,chinese
2555,44001,indian
29685,38738,indian
2235,11433,filipino
38214,11354,italian
15621,1552,italian
26845,20160,moroccan
15482,27180,southern_us
18405,14203,italian
4146,45063,southern_us
15842,18198,indian
18926,12722,italian
32351,12344,mexican
23086,29609,italian
10490,8238,indian
26434,1929,mexican
3690,26660,korean
8798,22241,chinese
32663,30907,mexican
38009,48267,chinese
16408,1263,mexican
12974,12922,mexican
20311,29528,indian
33984,48324,italian
23463,4126,italian
24325,38770,chinese
31678,23234,southern_us
3998,47349,french
16880,42771,indian
19422,38375,italian
35171,22785,cajun_creole
2878,408,italian
23577,29294,mexican
3505,7664,italian
23068,15519,indian
6097,7175,filipino
9816,27661,italian
34639,8181,italian
16073,8431,french
6997,47146,italian
36127,24311,french
14693,34805,southern_us
15323,37964,italian
32501,21932,mexican
22599,24747,mexican
25847,8684,korean
13680,25744,indian
26195,32921,japanese
25611,6687,italian
31760,17148,italian
33051,21108,italian
28035,233,italian
5591,48939,mexican
14343,47292,cajun_creole
36310,33235,mexican
35634,28500,british
3937,25967,italian
19987,48220,french
22029,48833,mexican
9253,1880,french
4944,18926,southern_us
32091,40428,italian
27628,5755,brazilian
8775,37599,italian
16030,28616,mexican
23353,25066,southern_us
9957,7966,mexican
11227,9456,mexican
31731,48579,japanese
32814,18234,chinese
34398,49309,italian
10629,27655,indian
27561,26302,italian
24094,1940,korean
6810,22199,southern_us
13503,41757,italian
17154,38742,korean
27507,10046,italian
14147,9483,thai
839,35487,thai
20240,9601,chinese
20887,43737,southern_us
38361,45520,mexican
38449,24247,chinese
8833,39378,mexican
28835,24374,southern_us
5467,40060,indian
36681,3118,southern_us
7287,11000,italian
31170,26888,mexican
9652,43963,mexican
27199,36833,brazilian
3221,15852,italian
32630,16210,mexican
36484,34690,italian
10656,8540,italian
8917,37773,brazilian
29724,38492,cajun_creole
6341,16613,mexican
19894,44509,southern_us
12254,37174,italian
7928,4492,thai
30720,23164,italian
6072,11237,italian
27667,20633,mexican
34011,23872,italian
14835,44216,chinese
16957,23246,irish
17774,23502,filipino
37968,42829,mexican
37272,9559,italian
29501,39344,italian
3114,4919,southern_us
9250,45124,italian
14167,7109,southern_us
24583,3674,indian
33895,39733,italian
22079,5120,italian
37777,17507,cajun_creole
23709,47697,indian
14951,48081,filipino
4235,49415,italian
19492,40611,chinese
13639,398,italian
33227,22298,southern_us
14483,12077,italian
10394,39999,vietnamese
20118,48465,chinese
15551,8462,cajun_creole
33713,22050,italian
27907,33098,italian
12554,36003,brazilian
22354,23366,italian
14238,27061,indian
8327,49230,southern_us
8293,7361,chinese
2523,40829,japanese
18047,43695,moroccan
30337,8322,southern_us
5049,35583,mexican
36341,19301,chinese
16558,46214,mexican
7313,9190,italian
17748,13644,chinese
29184,9170,italian
19744,9737,italian
8885,6635,italian
12409,41597,cajun_creole
28641,8640,french
30687,34882,indian
31735,16517,chinese
7340,44234,mexican
5434,17746,southern_us
2670,37736,southern_us
24495,43171,italian
5853,36823,italian
7487,11765,korean
21470,28149,indian
4696,20679,chinese
36497,14788,indian
10862,21962,greek
4473,16645,italian
12665,31481,italian
33658,30715,chinese
17470,38820,italian
12401,47251,spanish
12683,17700,italian
31766,3914,southern_us
20703,36982,greek
1333,2806,cajun_creole
18276,6357,cajun_creole
32418,46324,indian
2961,5733,southern_us
22498,15098,mexican
17995,13091,southern_us
2497,37756,mexican
37421,37406,southern_us
12297,32882,british
12457,20301,italian
35995,35398,japanese
34090,12885,brazilian
17149,30062,italian
8281,149,southern_us
37925,560,mexican
34994,3682,southern_us
23532,4900,southern_us
18116,19603,korean
7681,30494,thai
33345,33364,mexican
22440,36694,italian
10246,19362,indian
12129,41753,italian
31518,2545,italian
1853,48797,cajun_creole
2525,40099,southern_us
2790,42640,italian
7571,36685,mexican
496,18376,italian
34732,32069,chinese
4196,19047,italian
4947,31619,italian
26997,15124,italian
12100,36115,mexican
4678,33435,southern_us
25752,49659,mexican
3587,47535,mexican
480,13615,southern_us
16211,24357,italian
10467,14777,italian
10160,4605,italian
34766,38059,italian
16623,8203,italian
39740,6744,italian
2711,31982,italian
33979,2225,cajun_creole
4563,33154,thai
32166,20105,southern_us
19008,931,mexican
37408,13854,italian
34750,3955,italian
7068,47494,mexican
33209,37553,greek
20269,33570,greek
32538,38049,italian
23992,34672,chinese
7996,291,italian
30970,48366,greek
15815,22665,mexican
32557,10986,french
724,15482,french
6243,6371,italian
38157,9585,italian
12542,43741,japanese
10539,15984,greek
2764,7035,indian
11573,38207,cajun_creole
22507,27752,korean
16150,14293,southern_us
31607,35000,italian
3920,24841,indian
35885,42140,italian
39480,7040,japanese
26508,16684,italian
29347,22608,southern_us
23331,468,indian
4489,44753,indian
9033,6389,irish
31463,28536,chinese
12676,17491,vietnamese
13183,5414,mexican
13438,40169,italian
24093,26057,italian
2964,44362,mexican
7040,17380,chinese
24894,39678,mexican
3007,7718,southern_us
31720,5296,indian
15890,14653,french
3461,48683,italian
37678,36002,indian
886,315,chinese
35369,3239,chinese
21298,32589,italian
38423,14498,italian
4673,32030,italian
8394,37975,italian
7104,38103,italian
8788,47428,chinese
19183,22041,italian
12953,36601,southern_us
13051,34722,moroccan
31937,18828,italian
13143,18731,moroccan
33219,27989,italian
38309,24607,british
28418,24925,italian
4925,42582,chinese
5255,49295,chinese
14213,22902,mexican
633,6185,southern_us
9974,5351,mexican
26259,27026,thai
13583,45017,italian
11604,9346,mexican
17092,33601,southern_us
3384,24180,korean
24765,36520,french
30255,35956,indian
32779,11790,brazilian
10121,20828,southern_us
4469,14428,moroccan
35160,42635,italian
29241,11127,indian
5730,36517,irish
26219,41293,indian
16986,6378,southern_us
34598,49311,italian
13689,45654,southern_us
20246,4123,french
2829,38010,french
1460,13833,indian
39336,12659,thai
17747,38143,southern_us
15468,6434,southern_us
18177,16147,mexican
24513,1260,mexican
37800,20748,indian
992,16681,french
18054,34507,mexican
26046,12556,mexican
2972,41273,southern_us
29654,45510,mexican
26780,26440,italian
38863,26799,french
23976,7312,southern_us
17099,29602,italian
11631,9887,mexican
12124,14523,italian
3184,1697,french
1618,23946,italian
9122,42561,southern_us
14178,26407,thai
11961,26508,indian
12558,4042,mexican
39179,28124,italian
26304,24322,southern_us
2296,45395,italian
35740,38140,mexican
441,33085,italian
11935,41401,japanese
41,31634,mexican
29946,49274,italian
2934,14662,italian
33563,8870,italian
1548,196,chinese
25303,42151,british
26387,38091,cajun_creole
36640,44962,filipino
34987,14692,korean
19017,27018,french
32981,22008,korean
38424,25983,southern_us
22926,4140,italian
34018,24268,indian
32741,39099,italian
25630,21838,indian
9360,48419,greek
7061,13961,southern_us
21518,9273,mexican
30870,12674,italian
18848,26663,mexican
641,20942,italian
35500,14409,chinese
20501,21258,italian
31719,4243,southern_us
38158,18841,chinese
33922,2962,thai
8949,17859,italian
5098,3473,mexican
29940,21849,chinese
34701,46210,southern_us
12709,49108,italian
37734,30223,chinese
21078,2488,brazilian
33323,40682,cajun_creole
19451,578,italian
32891,19738,italian
10757,18830,italian
32347,35568,moroccan
27641,11969,italian
27827,15938,italian
16724,44354,italian
36378,10109,italian
23323,11051,italian
1305,35448,italian
14992,4159,moroccan
12448,29759,italian
35075,1351,southern_us
30448,27420,chinese
33786,34046,chinese
33060,37023,chinese
32126,39950,chinese
30489,6069,italian
37464,36132,british
19035,15023,italian
19919,41555,italian
22641,17949,southern_us
728,42322,italian
32870,18657,southern_us
14608,10464,cajun_creole
18580,13200,chinese
12489,4584,italian
18665,48184,russian
14277,7045,chinese
765,12236,mexican
11847,13860,mexican
10812,24524,italian
24329,29624,thai
6373,5729,chinese
25859,97,italian
28830,19709,greek
12950,1752,french
12242,2067,cajun_creole
4408,41684,mexican
21567,18886,mexican
34589,32692,italian
34407,44347,cajun_creole
23336,10524,italian
30605,39231,italian
2128,48648,cajun_creole
6846,3216,southern_us
38238,45347,italian
17222,10516,french
10582,11063,indian
8366,28076,italian
28243,18408,mexican
39015,48307,chinese
31962,17141,italian
5354,12821,french
1022,47606,mexican
22737,26281,italian
5277,35673,mexican
19685,6040,italian
13158,17494,italian
6093,4131,indian
9682,19519,mexican
13019,9841,italian
21174,14544,southern_us
37054,17059,japanese
13168,35653,brazilian
35220,3869,indian
19007,667,indian
33201,46800,french
11339,14458,italian
6726,33407,southern_us
5120,2575,italian
23347,22250,chinese
34284,23688,korean
2776,24026,indian
14326,41271,mexican
18314,36957,mexican
29336,5851,korean
20702,35592,southern_us
34401,40126,italian
17795,27833,spanish
9406,42200,southern_us
2335,29235,korean
23280,35534,indian
23915,860,thai
9833,16565,spanish
16917,6370,italian
26055,16988,southern_us
5136,34442,indian
25005,40003,mexican
198,40738,italian
7392,24218,italian
25678,19742,korean
3824,4047,indian
17974,16976,italian
17545,36439,french
39626,45996,southern_us
21063,46233,italian
4192,5739,italian
29961,2836,southern_us
29216,303,vietnamese
26592,20592,southern_us
37987,30333,italian
4295,5776,cajun_creole
9944,18680,southern_us
32665,49471,vietnamese
9844,47728,southern_us
24577,12833,southern_us
20156,7443,italian
27856,11531,indian
21145,7710,italian
38586,41708,cajun_creole
29098,16965,italian
10592,3759,italian
35749,13232,italian
32717,6223,mexican
24808,31158,chinese
9288,9468,italian
38658,47521,italian
12802,7982,thai
25892,8651,italian
5159,15902,british
17529,17841,italian
225,1110,thai
9939,48693,mexican
26468,46287,italian
37883,8899,french
28522,42492,italian
14685,34456,italian
13118,5697,indian
20085,24012,chinese
32903,18052,italian
6937,23367,italian
20086,28928,moroccan
4617,29644,indian
32647,35325,french
36633,13939,greek
27853,24710,italian
3457,4419,mexican
3950,23345,brazilian
21374,16108,italian
34588,5463,mexican
6561,17461,indian
10335,6508,italian
3041,17828,southern_us
9809,49333,indian
9602,32658,mexican
14622,26394,chinese
38366,37720,italian
27152,22152,italian
20502,33612,mexican
34608,46811,mexican
38660,15123,korean
14839,39768,italian
15733,9196,mexican
20237,9716,italian
16384,47668,italian
1979,35085,cajun_creole
37295,14076,italian
17806,35112,southern_us
30485,27186,cajun_creole
9741,1079,italian
23096,20426,southern_us
14109,9231,italian
1479,25415,mexican
22091,24229,mexican
30795,31389,mexican
29292,42483,italian
6032,17788,southern_us
36961,20066,russian
7989,20768,mexican
1361,22492,mexican
13648,5895,cajun_creole
29365,44196,mexican
37995,47662,italian
8827,41768,japanese
18648,43450,greek
7608,29427,southern_us
34923,5033,italian
12529,20733,thai
1154,9443,italian
9091,18080,chinese
16865,13333,italian
16293,32677,cajun_creole
26643,9793,southern_us
18896,37167,thai
21161,2102,mexican
15702,3279,british
35807,34223,italian
38466,356,italian
10065,22849,mexican
37735,49508,italian
570,41240,japanese
37770,3149,southern_us
22176,31598,indian
6514,27889,italian
37704,10870,chinese
23872,48057,italian
39677,48365,southern_us
742,31667,southern_us
1434,42120,italian
22817,8443,southern_us
30476,16033,indian
799,16502,french
672,25323,chinese
2256,18798,italian
12322,7335,vietnamese
33884,7777,thai
24578,12289,italian
16327,36808,southern_us
19577,42541,italian
5791,22432,italian
22931,4603,chinese
21732,16332,chinese
8585,32352,french
28232,27804,mexican
5292,5209,italian
21347,1092,italian
6786,17108,spanish
25689,23981,mexican
38729,8224,italian
32531,26623,mexican
34287,46866,cajun_creole
31729,3177,southern_us
1802,1282,italian
14411,39926,chinese
18491,5877,italian
31013,32064,southern_us
22280,35163,italian
11140,30316,indian
15516,43673,southern_us
16252,21225,chinese
14500,10796,southern_us
5963,5708,southern_us
26029,34631,italian
35293,11881,southern_us
2572,25353,southern_us
8262,10194,italian
32366,25960,italian
9649,18829,indian
31993,17984,mexican
16498,1278,southern_us
28534,9572,italian
28583,35571,italian
28566,27631,italian
39331,2551,brazilian
5724,26422,indian
5122,20638,russian
38124,39518,italian
39345,39854,mexican
14331,4070,french
32819,25083,mexican
7814,40057,southern_us
6690,6126,korean
19514,29171,chinese
16279,10936,southern_us
23540,18354,southern_us
14493,24715,french
8551,46290,mexican
28558,29894,southern_us
15699,25601,italian
8236,48070,italian
4838,1781,mexican
14605,45519,mexican
34833,14921,italian
1276,22652,italian
17429,18723,cajun_creole
8364,21378,italian
30867,14042,mexican
3614,5321,southern_us
37311,46854,chinese
2094,9845,brazilian
11660,29393,southern_us
39570,38855,italian
30661,16463,southern_us
38663,32940,italian
27012,46574,cajun_creole
28450,47464,indian
12534,16065,brazilian
13024,10668,mexican
4863,36534,italian
32315,16545,italian
11878,11528,italian
35235,23615,indian
1650,11671,southern_us
38326,1325,italian
25550,41889,italian
14949,7882,southern_us
29569,15584,japanese
17632,35885,french
35860,14893,chinese
4005,163,indian
1110,24646,italian
3536,40778,italian
17635,18030,cajun_creole
22794,27090,southern_us
5727,43061,italian
1992,3215,greek
39147,23301,mexican
22568,43752,indian
15801,42880,italian
29968,44936,mexican
25142,30094,southern_us
36862,2841,thai
27043,2955,chinese
8365,41925,italian
19583,36279,italian
22099,16608,chinese
12864,7356,chinese
34029,22496,italian
6905,35016,southern_us
9526,22905,southern_us
10253,48829,chinese
679,39364,thai
19218,20305,chinese
9489,18010,chinese
3242,6283,italian
17437,8977,indian
5380,15825,italian
33836,3286,mexican
10783,4521,italian
24723,28783,indian
37075,30633,italian
35352,36210,chinese
13487,7496,mexican
27991,13423,mexican
27394,26823,mexican
25055,25837,indian
22586,18066,southern_us
16600,20974,indian
26413,1127,thai
39104,30543,italian
16356,2399,italian
39456,14250,southern_us
19235,21046,chinese
3772,45715,mexican
31284,31079,french
32331,39777,indian
18971,27387,thai
23700,6177,italian
20633,8994,vietnamese
33342,7477,french
32465,15457,italian
27247,23564,italian
11794,16690,italian
5064,11993,italian
6712,31896,italian
38270,48620,japanese
7428,47275,italian
4221,13202,italian
21354,9189,italian
13598,30525,italian
23829,28481,mexican
8704,2201,cajun_creole
8935,26864,mexican
27238,41783,mexican
36233,16505,italian
25430,16345,italian
25977,36532,italian
38175,47291,mexican
34050,9697,chinese
2745,14593,french
14746,33046,italian
22833,29719,greek
22515,4027,vietnamese
22878,8794,italian
28173,43416,mexican
7480,46348,mexican
39067,27329,mexican
30630,27946,italian
17897,27439,french
38789,6609,mexican
16525,1711,indian
36539,25719,italian
24077,4894,italian
36895,4599,italian
15426,49642,vietnamese
25779,36809,indian
21208,13476,italian
11237,22060,mexican
17672,24643,italian
15491,32581,southern_us
36913,47881,southern_us
17648,37758,italian
10530,48513,french
16708,46781,italian
7141,44171,southern_us
4157,2555,italian
28231,24276,italian
23903,49543,italian
18902,3409,thai
18226,39799,brazilian
22851,40209,french
5893,23584,mexican
25385,42277,jamaican
17081,43344,italian
29324,46024,mexican
12334,36672,mexican
25924,25842,french
11369,44111,chinese
11254,30461,cajun_creole
35821,25280,indian
39112,43809,southern_us
32460,7229,indian
8616,6219,french
33444,36608,italian
39600,28370,mexican
18553,36929,italian
12219,27948,italian
8770,8675,japanese
14434,22560,thai
20780,1716,chinese
24904,6550,indian
11799,38863,mexican
17791,22395,italian
39396,22398,italian
26744,44717,greek
3207,47975,greek
18421,6019,italian
28890,1026,mexican
7550,4587,indian
25184,28476,italian
26637,33440,italian
22937,5360,french
4508,22078,italian
16707,1291,italian
25782,13130,mexican
25907,17961,italian
39736,39166,french
34930,7875,chinese
28487,25418,italian
37855,16467,italian
38886,8807,cajun_creole
26969,39449,cajun_creole
28782,12613,italian
26384,30489,indian
5904,29399,mexican
22383,18773,chinese
13989,9151,mexican
6649,36243,italian
4290,26340,chinese
371,12099,southern_us
11715,48372,italian
31420,34591,italian
28597,22552,mexican
6242,29709,korean
31234,44369,mexican
3825,32823,chinese
17363,31142,italian
32605,35688,mexican
9187,27903,mexican
13370,11184,mexican
31906,26978,indian
5369,44588,vietnamese
769,36156,indian
32502,45379,korean
32130,9832,indian
12198,38156,italian
9636,17727,italian
35190,47939,italian
11279,41827,italian
2636,33870,italian
20997,33504,chinese
28448,25331,chinese
5743,27125,thai
16212,1103,indian
36725,27626,mexican
26770,23844,vietnamese
26847,13495,italian
38730,35083,mexican
17787,21760,japanese
15064,7534,southern_us
30950,8326,southern_us
36275,23065,italian
19298,6002,mexican
12432,11321,french
11368,26898,japanese
38297,39509,spanish
1495,43820,mexican
31014,16212,mexican
7721,33742,thai
35999,46621,indian
24508,7726,italian
4201,30380,italian
28414,29840,italian
39559,38340,chinese
21644,2209,italian
18339,10528,italian
39288,28385,cajun_creole
17341,16391,italian
13674,18404,thai
23106,33200,southern_us
19836,25291,vietnamese
6143,32079,italian
9059,18632,italian
33635,9695,italian
4062,47706,mexican
20052,32455,mexican
34877,978,italian
15625,7301,italian
24597,17642,italian
37922,41781,italian
33496,21608,italian
11815,28168,cajun_creole
17912,10103,spanish
16028,20424,southern_us
4027,8512,indian
31510,37951,jamaican
23938,28317,italian
24190,44027,southern_us
22133,45477,southern_us
424,12048,mexican
1465,3410,vietnamese
35927,27734,italian
14285,6068,indian
19697,6739,italian
33409,13734,french
24674,9252,italian
25302,16701,vietnamese
30745,33082,french
27812,33710,indian
37588,44063,cajun_creole
17966,13418,italian
19837,16383,french
17342,19541,italian
2414,23697,italian
13456,8694,italian
22046,35491,mexican
15241,24384,southern_us
22980,30180,brazilian
17689,7871,indian
38300,1776,chinese
19655,21203,southern_us
15791,44591,moroccan
15028,49383,southern_us
18743,17179,southern_us
26363,42216,mexican
6391,23748,italian
22293,44121,mexican
18808,413,irish
21762,13378,korean
7069,28686,mexican
26981,18027,italian
21812,8678,italian
8847,45791,mexican
32518,29785,italian
21266,7333,japanese
33532,48230,southern_us
1334,39444,southern_us
3752,13640,italian
2163,11113,chinese
37542,9503,southern_us
28531,20973,japanese
18976,13920,italian
30172,38556,mexican
9292,10031,chinese
29528,16964,chinese
12182,48920,italian
35360,39792,russian
19283,13872,italian
21157,4785,italian
1096,13385,vietnamese
33506,5167,italian
39438,45765,southern_us
34423,3179,italian
16475,20553,italian
20612,43262,mexican
5425,32992,italian
18865,13309,italian
2654,27826,italian
30835,32469,italian
11442,18751,spanish
6764,231,mexican
11050,37917,italian
27183,37862,thai
18575,7836,french
26242,8747,chinese
39131,43183,southern_us
9419,11764,indian
24897,44752,british
9416,22548,chinese
18708,27467,italian
18191,15481,italian
11130,1315,mexican
23754,49661,italian
36240,30235,cajun_creole
33430,27964,chinese
26213,33541,italian
25674,49591,indian
16747,32128,southern_us
25848,20206,southern_us
36167,14478,french
1689,33049,southern_us
25768,18694,korean
22992,41853,mexican
14897,40844,italian
11692,28364,southern_us
17738,4677,japanese
32100,18082,french
25874,44732,italian
11673,45869,greek
338,6440,chinese
13570,3048,mexican
19529,4151,greek
17808,37883,italian
37179,10022,french
17943,34559,italian
15799,10973,indian
2508,17996,southern_us
16179,46284,indian
29637,37864,chinese
25386,47471,italian
36458,31578,cajun_creole
18107,42051,italian
31769,8824,southern_us
764,4292,indian
5654,43535,italian
6530,23722,thai
15373,15373,indian
18205,16885,korean
14297,46248,mexican
6147,496,cajun_creole
32278,7397,mexican
34122,3259,chinese
4804,45277,italian
21310,15714,chinese
34785,21543,japanese
11311,43492,italian
30438,21730,mexican
7296,12817,italian
37949,32282,korean
11725,22400,italian
23628,31532,italian
22940,3571,italian
12344,27709,southern_us
25635,24396,italian
15161,39081,french
34583,16639,cajun_creole
15314,18600,southern_us
26925,39338,indian
13451,23976,cajun_creole
22535,35417,italian
14206,1771,italian
36992,17403,indian
29586,11193,thai
21081,20458,french
2975,28039,greek
19526,8535,thai
25840,26221,italian
24551,4176,indian
31861,33799,mexican
21958,23484,southern_us
36365,23438,cajun_creole
14792,10049,thai
32318,23001,indian
19612,43212,mexican
7207,39672,italian
24817,37349,italian
20276,36492,mexican
4936,856,japanese
36121,5798,greek
2183,32957,italian
32176,26697,italian
7379,38533,chinese
5048,29610,irish
33834,37918,mexican
31693,39695,southern_us
1104,38783,indian
28627,43055,italian
5997,43107,indian
5,6602,southern_us
20715,27716,italian
29757,10347,french
16894,9769,thai
14433,6298,korean
35522,18876,southern_us
32912,41644,italian
14455,29884,italian
39318,29302,mexican
6698,2599,japanese
11477,48556,indian
32623,34610,italian
13530,45031,moroccan
38817,17361,mexican
28447,15983,italian
5830,28602,korean
16877,16978,italian
5668,9685,southern_us
24398,44857,southern_us
36380,44596,southern_us
22989,45727,mexican
29274,49052,chinese
32147,31196,indian
16700,21621,brazilian
15613,28598,italian
10280,24620,mexican
14904,1332,italian
9596,40953,mexican
9958,39601,russian
28858,41543,vietnamese
15157,36060,mexican
8910,27824,italian
29722,16495,thai
22801,40441,spanish
30014,29691,mexican
21839,31922,chinese
2384,33554,mexican
21500,47503,chinese
39405,28058,mexican
37121,32730,italian
10869,17554,chinese
2911,1575,southern_us
11495,43245,greek
12600,2840,southern_us
38525,3370,moroccan
6806,34707,italian
36144,25883,chinese
11383,28050,italian
35521,6572,southern_us
3935,13921,chinese
34351,4939,italian
18939,20683,chinese
21215,30702,italian
438,49668,italian
35833,6461,southern_us
26502,5498,italian
11336,45288,french
8192,11445,mexican
25732,38319,italian
1691,46397,italian
11942,16449,italian
3605,46797,italian
18632,39253,cajun_creole
3205,2274,indian
4949,22154,greek
26275,23175,italian
20772,7081,french
28276,8334,cajun_creole
7463,33849,chinese
13306,46277,italian
18335,35462,mexican
28600,25974,indian
19803,16453,southern_us
37600,6612,mexican
13580,4539,italian
24927,14584,southern_us
22982,796,southern_us
34235,13387,italian
24127,34104,thai
32875,21359,japanese
12830,5417,southern_us
21594,23925,italian
37875,46934,italian
25941,6893,southern_us
3107,25245,italian
30134,34443,mexican
21400,47581,indian
33777,35023,southern_us
29504,45426,mexican
29031,35101,mexican
12282,34434,italian
5139,22623,mexican
29717,34091,southern_us
12594,22799,italian
16265,37903,italian
28914,41039,greek
20081,32731,southern_us
16610,15103,southern_us
31225,48600,italian
36719,30458,southern_us
32880,15422,italian
26737,10252,spanish
8605,27919,vietnamese
8626,12612,italian
1189,39482,mexican
2130,29702,southern_us
11292,40976,chinese
19580,10235,mexican
18126,18161,mexican
31958,1494,italian
550,13266,cajun_creole
38756,17417,southern_us
17920,35720,korean
36223,22898,moroccan
23344,7811,french
26889,20046,japanese
27225,3366,italian
29948,41819,mexican
31948,31694,southern_us
32402,48248,mexican
936,44513,italian
1824,48636,italian
22414,14261,southern_us
29497,44914,italian
21934,7687,mexican
22519,38922,mexican
24140,27583,italian
4500,46078,chinese
156,31867,italian
8390,38485,cajun_creole
21619,10060,chinese
34718,29059,italian
22125,35143,southern_us
6555,2006,indian
28810,26240,thai
7517,37875,italian
2268,29313,southern_us
24697,20861,mexican
27520,48639,japanese
24025,6128,chinese
22001,26339,greek
16294,28064,thai
10126,12277,southern_us
37484,35822,mexican
1021,14223,mexican
9422,21418,indian
15664,40741,mexican
20399,6142,mexican
22009,37629,mexican
16912,870,southern_us
34806,35939,mexican
17354,26252,southern_us
30567,11304,italian
21612,30953,mexican
2406,39133,chinese
27656,34699,chinese
5015,19986,southern_us
5231,33931,mexican
4355,41189,greek
39572,36229,mexican
12698,45300,italian
18059,19285,korean
5721,28114,thai
9119,29686,southern_us
34004,2251,italian
9622,20057,italian
36701,17965,mexican
15025,17383,cajun_creole
19921,29016,italian
49,4906,italian
16091,48627,italian
17651,21977,vietnamese
35043,24608,mexican
10949,43259,french
4922,3442,italian
37864,49503,southern_us
38350,44947,japanese
38349,26549,italian
13513,28293,indian
4499,30090,italian
1752,48909,mexican
26691,4493,greek
16963,45955,chinese
15695,36519,indian
30441,24633,mexican
1813,18392,mexican
28803,9795,southern_us
32029,13651,chinese
26100,21081,southern_us
6673,25008,chinese
31221,334,italian
16358,41716,thai
6434,28884,mexican
33425,13987,greek
33518,46147,mexican
21335,23612,italian
17446,3189,southern_us
32412,4432,italian
21565,1690,italian
654,19589,southern_us
6435,16658,italian
19112,31033,chinese
16915,10365,chinese
31893,31328,thai
6047,18265,spanish
4450,27746,thai
7489,6111,italian
27824,38116,mexican
12317,44120,southern_us
2628,18145,filipino
21917,20634,french
28861,47181,mexican
13156,33130,greek
10327,42611,indian
14985,46640,indian
6728,11940,greek
34203,48090,italian
22821,6891,mexican
23273,48966,italian
20897,24152,italian
10036,35278,vietnamese
14045,18508,thai
28115,21762,southern_us
5360,48110,italian
19248,23235,russian
1432,22085,chinese
25368,15962,southern_us
10050,90,southern_us
28709,9213,mexican
3336,8124,vietnamese
23305,17551,southern_us
16189,29658,mexican
15522,10456,italian
12743,33388,indian
32827,27899,italian
1146,11610,italian
39174,26876,chinese
162,2472,chinese
18180,36807,french
21194,11916,mexican
2863,12784,italian
9023,43838,moroccan
33447,2724,jamaican
38321,22136,indian
7925,30188,southern_us
27591,36472,indian
35781,23531,mexican
18489,13163,italian
20863,18490,indian
30355,36392,italian
38146,24726,chinese
4373,21246,italian
29749,654,southern_us
25500,15472,italian
19276,20899,mexican
36359,675,southern_us
38979,41556,italian
37767,17150,indian
31454,43210,italian
39167,26565,italian
39170,43216,chinese
8135,17558,italian
21159,26140,italian
19535,28869,italian
29901,37893,southern_us
964,8703,southern_us
19483,374,korean
1874,20143,mexican
18794,3278,italian
12371,28186,southern_us
30524,14776,mexican
4607,46047,southern_us
39054,25189,chinese
19945,42737,chinese
36074,10747,chinese
32257,1060,italian
8552,2576,italian
7523,4970,southern_us
2099,25629,southern_us
25636,12850,southern_us
22274,40059,italian
16330,29203,mexican
24778,36880,cajun_creole
13116,5416,japanese
5641,27037,italian
12568,48218,indian
24373,22440,italian
17564,43844,italian
22250,9007,indian
23944,43305,korean
26938,44698,cajun_creole
36957,19895,southern_us
8461,1167,italian
25583,48822,italian
19680,41158,italian
32059,42289,thai
6976,126,french
25510,25473,cajun_creole
28628,32901,thai
29303,26175,indian
4088,12863,thai
38432,18422,southern_us
3844,47110,thai
3449,44247,cajun_creole
13704,9294,southern_us
34424,44098,italian
6999,42242,british
39768,7377,mexican
31872,8463,french
16815,13506,indian
3575,89,mexican
29209,17282,indian
6724,7279,italian
25458,33715,indian
5029,28720,cajun_creole
19097,3728,italian
163,45193,chinese
12144,3157,chinese
33431,19926,mexican
35952,3061,italian
31103,37457,italian
28142,10173,indian
29137,42486,italian
25701,34856,italian
16318,8323,french
17767,20945,mexican
21334,42359,southern_us
22681,26137,italian
12315,48285,french
2872,5935,italian
39616,18666,moroccan
30099,25680,indian
15802,1839,greek
28188,25444,filipino
29538,8868,mexican
4671,17847,thai
19649,27504,southern_us
21324,3039,thai
33649,40867,southern_us
8151,26030,southern_us
27385,40430,italian
16956,24818,mexican
7456,48421,italian
17816,7623,korean
29537,35017,chinese
4887,32518,mexican
14398,34850,italian
27032,37794,indian
6039,11099,italian
19732,19858,italian
35950,44526,mexican
39089,25131,chinese
37528,19616,italian
2903,10620,mexican
7776,37940,southern_us
29277,10200,jamaican
4214,31157,chinese
23075,46027,southern_us
9697,20406,chinese
39137,31920,chinese
1507,39453,mexican
22486,25899,brazilian
36815,42135,vietnamese
22005,5900,italian
6982,7954,chinese
34634,45462,southern_us
27217,2950,italian
35766,39141,mexican
3246,7422,italian
27290,14592,italian
26549,5256,southern_us
25524,48021,mexican
7073,39181,mexican
35810,47187,mexican
8536,1665,mexican
31990,30739,mexican
5002,2562,spanish
33397,38961,french
4554,16161,southern_us
17316,25879,southern_us
11213,10801,cajun_creole
1398,17623,italian
10536,5959,italian
23340,35781,italian
16283,40375,italian
26998,27541,italian
32792,10119,southern_us
6821,28646,southern_us
19339,1010,southern_us
834,9812,mexican
27867,43724,italian
30961,12711,italian
35493,34539,italian
18313,23556,southern_us
32813,2820,chinese
24408,39489,indian
32721,21254,italian
23806,15756,french
19459,28503,korean
1726,2433,irish
17291,39563,italian
32175,897,italian
23365,21407,italian
9445,37116,italian
16144,10526,mexican
34770,47898,southern_us
33780,44219,indian
32422,2350,chinese
878,17073,italian
24171,11517,chinese
712,44858,italian
15984,46265,italian
16017,15633,italian
29641,10108,italian
38931,15292,mexican
23916,36045,italian
28157,8268,indian
7294,46777,mexican
3174,11705,thai
23608,9114,italian
37754,31280,korean
18730,47088,british
4181,48415,greek
11085,24745,chinese
13249,2592,mexican
3564,20844,italian
32364,26139,mexican
21761,5418,indian
26575,19222,southern_us
21898,17195,chinese
3902,43347,mexican
3817,26767,southern_us
20821,34599,italian
17211,3423,italian
4779,42430,greek
2308,7948,greek
28192,5224,french
17094,10391,italian
2742,45042,italian
26816,31417,italian
9951,43309,southern_us
24643,2326,southern_us
11602,46101,vietnamese
5863,27780,italian
2222,23385,mexican
2228,2207,indian
15643,43952,southern_us
30751,5532,mexican
29470,30858,spanish
14124,14472,italian
9355,20616,southern_us
9431,34031,moroccan
26113,42234,indian
37963,36665,korean
18497,7270,russian
27326,37658,italian
31580,46489,southern_us
9303,36952,italian
23020,10237,moroccan
19961,48047,italian
27159,29240,italian
14486,41243,italian
6790,42867,chinese
18661,4183,irish
22398,31494,mexican
9769,5622,italian
16628,8393,thai
318,34385,italian
2851,23392,mexican
7833,42665,southern_us
24463,16433,italian
20400,17243,italian
36212,42510,chinese
14135,37092,irish
25861,4133,chinese
25954,16386,southern_us
27697,46945,mexican
31660,48596,italian
9865,32739,italian
39357,22750,italian
7954,22018,french
9151,6704,indian
17625,42785,japanese
31315,47069,indian
6432,45047,italian
32664,19014,italian
13831,4202,indian
25212,46280,cajun_creole
30287,11942,korean
18689,19384,mexican
21360,40465,italian
15558,8718,italian
2155,8364,italian
3890,34503,italian
8502,3428,southern_us
18523,33695,mexican
23630,39684,italian
20077,49394,italian
34388,7533,mexican
26540,23319,mexican
17368,12786,southern_us
20366,11805,italian
19761,22522,southern_us
15553,29743,mexican
28202,13164,mexican
8518,43946,italian
27543,43033,chinese
26002,29335,indian
30198,31225,chinese
8174,17998,chinese
16494,33173,greek
27312,22010,moroccan
31563,49178,moroccan
10511,49023,southern_us
7907,18256,japanese
19197,13879,italian
13956,8743,indian
26471,37052,mexican
26357,39546,mexican
31418,47038,chinese
38493,20307,mexican
17381,8349,mexican
9552,38674,mexican
32505,45183,mexican
11268,7506,korean
24816,30151,italian
20263,38792,indian
36655,26343,chinese
11489,42042,italian
24017,26569,indian
38968,43647,southern_us
12935,23590,thai
22965,8814,italian
35679,21421,french
20867,15452,mexican
922,43839,southern_us
18698,262,mexican
13387,6721,mexican
6377,38176,chinese
29402,26801,chinese
4213,48717,french
33114,17764,italian
20767,31234,french
8809,3160,italian
25700,31478,mexican
22939,41242,mexican
10755,4374,chinese
6372,28098,greek
20147,6908,italian
29695,3714,southern_us
2473,15400,chinese
23231,39862,indian
33187,17003,indian
24839,46691,mexican
19975,22533,italian
9236,39771,italian
3979,8363,japanese
39078,34767,indian
12826,13684,italian
2913,30076,italian
1231,9927,mexican
15855,9844,mexican
34245,39634,thai
16455,3530,mexican
18706,29044,british
39007,33821,jamaican
38071,14496,indian
2167,22106,italian
25186,39585,british
23513,12355,thai
19782,24567,chinese
37067,1042,chinese
5281,19099,southern_us
18248,24102,italian
7238,42753,italian
30866,20324,japanese
14780,40970,mexican
5878,31609,mexican
3797,39152,mexican
12223,47740,italian
27129,48186,italian
18869,48931,cajun_creole
22913,14782,mexican
11026,46830,spanish
27381,19002,southern_us
16580,11852,mexican
4883,33854,indian
30037,41618,italian
10614,9717,chinese
292,29489,italian
28145,33792,mexican
4135,21516,southern_us
35028,49149,southern_us
27716,34361,italian
21231,23076,southern_us
24783,34624,italian
7241,29447,southern_us
1194,270,southern_us
23453,372,italian
20759,23654,korean
24479,27113,italian
35947,17119,japanese
11778,34315,irish
25808,46555,japanese
14903,2600,mexican
3871,4901,italian
14278,19227,korean
2310,46153,italian
1141,23036,southern_us
33861,34578,italian
4761,44182,italian
16661,35640,chinese
31394,29375,chinese
31248,1015,mexican
37980,30435,mexican
19139,42654,mexican
34720,33574,italian
10341,41099,italian
33127,39848,chinese
29455,4498,mexican
35185,32379,southern_us
20696,47320,italian
24059,7145,italian
7542,30132,mexican
25319,31231,chinese
31485,23989,italian
20844,38529,southern_us
39310,30254,mexican
2740,20711,thai
11997,22559,mexican
6472,35723,italian
17864,41452,southern_us
34733,18737,southern_us
4298,37874,spanish
15335,36334,korean
35418,13459,french
2686,44006,southern_us
13719,25794,mexican
750,25791,italian
1562,2564,italian
21807,20728,southern_us
21036,24401,southern_us
21833,12518,italian
9511,41390,southern_us
29767,31980,french
29593,37885,mexican
39640,6558,italian
4700,10006,italian
24849,36467,chinese
1658,26096,italian
19913,43349,greek
16872,30450,chinese
3991,33402,vietnamese
2794,45022,southern_us
24772,21913,mexican
18104,26432,southern_us
20656,16190,greek
17104,36898,italian
7698,20375,mexican
15303,24033,southern_us
36098,20078,indian
37387,21317,indian
9123,48946,italian
13922,16080,italian
4389,14621,italian
12040,22867,mexican
8678,25792,southern_us
6805,16691,chinese
22254,36718,italian
1368,31736,italian
20668,43023,italian
24501,9432,italian
12285,36757,italian
835,471,italian
20820,38560,italian
14241,29981,southern_us
1151,40913,italian
17434,26825,italian
21664,11286,italian
36225,32303,mexican
31295,39609,mexican
36478,21426,italian
31972,17087,chinese
27485,43114,italian
39347,4351,mexican
8983,16740,mexican
14344,29794,italian
29560,2016,thai
10951,47915,italian
12839,21843,italian
5966,9024,southern_us
374,15171,chinese
35563,41664,greek
15747,12938,russian
39030,18176,southern_us
19311,29967,italian
29154,34589,southern_us
26547,20129,southern_us
13383,36922,mexican
32182,25063,chinese
7577,940,italian
28272,17324,cajun_creole
22986,30042,italian
31298,47163,mexican
1469,49153,italian
31975,31505,mexican
1612,45814,mexican
17898,2345,mexican
29668,32680,italian
21369,18514,mexican
9049,6072,southern_us
8255,10548,italian
26658,10240,italian
37325,20858,indian
31878,11755,southern_us
18667,45768,italian
32762,3788,italian
2355,1713,thai
13957,43291,italian
22922,41088,mexican
14762,49142,mexican
17843,39343,italian
37221,33809,chinese
20348,12370,italian
32170,31440,mexican
620,8258,italian
26552,39797,italian
28163,23939,mexican
30829,2098,southern_us
21678,31827,mexican
9571,31055,italian
34008,36348,italian
2901,15120,mexican
15052,9265,chinese
33286,22612,mexican
30837,26807,italian
28579,24870,mexican
10837,24298,italian
36159,34572,southern_us
32000,531,mexican
24269,1498,southern_us
28199,925,italian
2696,12606,southern_us
33705,16178,italian
36840,29260,italian
23717,1097,chinese
11049,36965,italian
17438,19954,southern_us
17338,11836,italian
23564,39245,italian
20273,3806,indian
24973,38960,italian
21085,40783,cajun_creole
1703,15049,chinese
36798,23085,mexican
6518,23513,italian
1470,30658,french
36569,42393,greek
22292,23850,mexican
20133,8201,chinese
18199,23627,italian
18416,4069,mexican
18727,47837,chinese
31482,17379,italian
31542,28822,italian
5798,10258,indian
37757,3191,korean
25586,39531,chinese
13028,64,mexican
20580,33333,southern_us
27414,48926,mexican
17701,21064,chinese
15009,26714,italian
30135,42613,southern_us
9675,39814,vietnamese
17770,45522,chinese
36849,7821,italian
26324,38297,italian
13670,20693,italian
21627,42012,french
35627,43672,italian
14188,22710,italian
21477,29961,irish
31235,1565,mexican
19230,4774,italian
2013,5317,vietnamese
37027,34064,italian
10461,8222,italian
5628,46311,mexican
21936,46728,japanese
25867,46363,chinese
23476,35310,mexican
1351,47012,italian
35670,17774,indian
38318,22466,italian
3366,42160,greek
2909,9521,cajun_creole
31193,29372,spanish
38095,49485,mexican
30557,28146,indian
29737,23549,chinese
9746,1202,indian
17598,43682,italian
31956,40820,chinese
25154,25763,mexican
33268,5109,mexican
28854,39761,chinese
21919,34544,french
14911,22013,indian
16433,12363,moroccan
33292,29299,italian
12068,48404,mexican
7216,18463,italian
23246,45359,southern_us
31281,28577,italian
8501,39522,italian
28062,48332,italian
21680,8936,japanese
38495,33630,italian
37967,19431,cajun_creole
12112,35657,mexican
25717,30973,southern_us
31570,32497,italian
39603,42948,indian
19936,1818,mexican
16909,4589,moroccan
1743,39581,italian
39702,24930,italian
21381,9991,french
650,11086,french
9263,6255,mexican
37225,24242,italian
5202,30329,russian
36777,13690,indian
32802,21937,chinese
30137,15948,southern_us
32410,42495,southern_us
10445,36262,japanese
13229,14354,indian
9199,15731,mexican
37095,6022,italian
22653,32727,mexican
18534,13243,italian
32419,34161,italian
15518,49641,indian
182,14970,chinese
1073,33492,mexican
28264,10190,italian
38178,38151,greek
912,32371,italian
1100,37089,indian
33887,47307,southern_us
27917,46061,indian
5770,35858,italian
20009,28436,mexican
30562,25750,southern_us
9882,48426,italian
37344,32436,italian
9950,3553,mexican
3915,36698,mexican
6233,19529,korean
19301,18564,indian
18075,35174,mexican
34992,44869,italian
23723,30704,japanese
7915,30172,greek
5444,37317,southern_us
32417,30303,jamaican
24637,19570,southern_us
11826,44242,southern_us
7032,29018,moroccan
29204,41023,moroccan
7742,38939,italian
27037,25065,italian
33378,6817,mexican
21953,34964,italian
18861,3310,japanese
1319,32393,mexican
34999,15987,italian
1590,17857,italian
16823,8317,italian
33274,47517,mexican
24964,5165,mexican
26329,38421,cajun_creole
35689,24011,chinese
7817,33006,mexican
34644,1700,korean
13072,29749,southern_us
15320,28087,southern_us
5800,36828,mexican
13377,12904,indian
36493,49643,southern_us
39394,7813,italian
34445,33847,mexican
25718,3415,thai
25265,4210,mexican
14484,19903,italian
29965,17101,mexican
32062,34500,indian
7079,40199,southern_us
19381,15856,greek
884,8825,mexican
5283,28756,korean
17277,14619,southern_us
12331,42178,mexican
24078,21755,italian
38421,40468,italian
38101,13156,cajun_creole
14844,48616,mexican
7797,20140,chinese
16477,30401,vietnamese
38503,733,italian
27071,10519,italian
34497,2603,thai
36282,28332,italian
10874,29545,filipino
32968,8245,mexican
24041,38506,southern_us
38540,31587,irish
3004,13074,southern_us
18447,5549,mexican
19334,20209,vietnamese
33788,10500,southern_us
26597,7520,italian
35852,32312,mexican
1578,30313,mexican
25314,20337,southern_us
36146,21416,italian
6770,20625,italian
11017,35652,chinese
8213,13515,indian
6353,3140,southern_us
15577,14258,italian
4722,8465,italian
26777,36300,southern_us
26684,19595,italian
7626,13000,indian
14567,39119,italian
257,40617,italian
27955,46637,italian
18735,40981,greek
1344,35580,indian
25518,34627,thai
5827,32587,southern_us
27393,48642,italian
4992,46739,cajun_creole
28141,39637,southern_us
22603,20349,mexican
34013,42626,italian
15967,23626,italian
12726,2915,moroccan
31068,13181,indian
18820,11219,mexican
5888,10450,mexican
11160,9903,italian
1441,37665,italian
13553,20068,italian
33454,2961,chinese
38073,31040,italian
572,45621,italian
2201,41357,italian
19995,31538,italian
19309,8614,cajun_creole
25880,3065,greek
16000,3771,italian
23079,44227,indian
37071,36322,southern_us
5279,16022,indian
27089,34249,greek
15836,38172,southern_us
10787,38387,thai
9420,37970,italian
34659,19323,brazilian
28021,28993,chinese
4797,34169,italian
5909,46403,italian
38299,19753,japanese
4222,1657,italian
16302,36083,southern_us
35359,18513,vietnamese
16844,48815,mexican
12477,41989,southern_us
841,47029,brazilian
33739,20612,southern_us
37287,23524,vietnamese
18980,49472,mexican
11672,3631,spanish
8595,19878,mexican
4593,48977,southern_us
21466,38190,italian
13544,20706,chinese
30196,34775,italian
21650,31215,italian
11432,41584,mexican
38185,41548,southern_us
38781,33844,italian
1784,37994,italian
19404,42787,southern_us
23442,9381,mexican
20784,20074,italian
3748,28638,italian
24814,16531,indian
36786,24564,southern_us
1139,12536,chinese
38936,40805,cajun_creole
15691,22767,southern_us
34803,4711,mexican
20548,45443,italian
25342,45190,french
7408,18312,italian
4728,23529,italian
27613,31734,indian
2071,26195,mexican
28591,39132,chinese
26031,46471,italian
35520,10416,chinese
6256,3695,spanish
705,21184,chinese
12752,35584,chinese
29711,16013,italian
21517,843,italian
7630,19682,chinese
21562,47705,southern_us
22602,42054,mexican
31690,7676,italian
37396,15797,mexican
12852,11166,indian
20773,21947,irish
39307,30778,mexican
15653,32116,irish
2494,8750,italian
24027,48495,spanish
23682,34272,cajun_creole
7757,6198,mexican
29070,40162,italian
27446,23023,mexican
18606,28145,mexican
3325,31970,chinese
1755,36445,italian
2799,42109,italian
20835,27403,mexican
10705,48157,italian
26914,10720,italian
24523,14430,southern_us
16674,34548,southern_us
30305,6059,italian
6362,17366,filipino
8822,25824,indian
11289,24309,mexican
1089,16035,indian
24649,16654,southern_us
10774,32904,chinese
38267,35303,chinese
14490,15161,southern_us
26677,19149,indian
3394,40067,japanese
23535,16847,southern_us
7125,6663,mexican
31687,23492,italian
258,26676,thai
3124,27298,indian
10799,9,italian
25181,41727,southern_us
14304,31160,italian
33346,39552,italian
3060,17941,british
22185,32826,italian
8306,22343,indian
1408,8015,brazilian
34404,34447,korean
28870,17031,southern_us
23361,30402,italian
31986,34135,indian
3395,36987,mexican
8838,1056,southern_us
24713,46172,thai
5754,39584,chinese
22619,21758,thai
11387,27321,french
37741,40923,italian
2280,15690,brazilian
11388,11768,french
23278,692,italian
10170,26670,italian
33453,14062,thai
33036,1619,chinese
16349,22320,thai
4391,17634,mexican
16768,45413,italian
15469,21215,southern_us
35027,12310,chinese
27601,10174,southern_us
36433,15191,italian
4541,33912,italian
38981,41342,indian
14376,4526,italian
10472,8340,chinese
33086,20947,mexican
18362,11020,southern_us
18353,11929,mexican
39478,3436,mexican
35495,34192,italian
15871,38301,indian
34330,31651,chinese
26769,47999,indian
28851,41092,southern_us
334,1667,mexican
25552,17591,italian
32195,33754,indian
3118,20032,italian
5462,30927,mexican
9447,40869,chinese
32513,13143,italian
9964,10382,french
10822,19194,southern_us
21047,7233,italian
4738,43821,mexican
6588,38910,italian
12981,23224,indian
6541,11017,indian
5151,35573,italian
6560,27001,mexican
22189,10554,italian
18590,38558,italian
36899,10247,mexican
27084,46578,italian
9907,18719,italian
7769,6668,mexican
19683,45303,italian
38940,12207,italian
28737,44559,italian
19469,36564,mexican
19960,21340,southern_us
38779,36025,italian
39513,3863,french
37135,23133,italian
22388,3307,indian
35051,30204,italian
12723,41376,southern_us
37713,48003,mexican
11893,33514,mexican
16230,20014,italian
39419,9578,mexican
16069,6474,thai
17786,260,thai
25536,7563,mexican
36810,37935,indian
18593,4397,mexican
35216,35331,irish
31996,31741,indian
23237,9396,french
2106,15749,chinese
9048,25832,italian
28349,45492,chinese
31905,19250,italian
12631,25346,italian
31105,25300,mexican
17935,3976,southern_us
29398,115,french
36423,4077,southern_us
14964,49084,mexican
29667,34892,french
28613,17954,southern_us
26724,20332,italian
8463,134,indian
17677,13685,filipino
27448,1849,spanish
32522,41043,french
34729,45176,japanese
7991,15466,italian
6672,9515,cajun_creole
15444,10532,chinese
27338,23298,jamaican
32284,20583,southern_us
29845,49261,mexican
1989,10813,southern_us
37092,24208,italian
19736,33324,italian
30907,10938,mexican
9774,38092,french
27510,32721,mexican
11774,1618,irish
11276,49470,chinese
21642,2984,mexican
30423,41129,mexican
10084,815,italian
27897,29774,indian
9271,14262,mexican
10882,42530,thai
20427,25555,italian
23415,33102,chinese
36417,27045,italian
8658,29804,mexican
7439,48445,indian
37888,31464,southern_us
16193,16778,thai
10185,42711,indian
33986,17346,italian
33806,28497,moroccan
39412,10573,mexican
18479,26979,indian
7760,21523,italian
37898,2258,chinese
21364,1583,indian
9326,5700,southern_us
11382,47897,vietnamese
29541,42125,cajun_creole
27335,34823,italian
22374,48645,mexican
37214,492,mexican
27758,17990,korean
17029,20812,indian
16993,9320,cajun_creole
35825,6584,southern_us
37517,49215,italian
8920,42545,italian
20532,44065,mexican
9021,23536,italian
36554,307,italian
35649,2091,indian
6285,7448,southern_us
23325,14244,greek
15828,10569,chinese
15247,30156,italian
18942,46858,mexican
21991,503,irish
34499,4406,mexican
32023,33738,indian
34788,11416,indian
34784,12825,southern_us
31515,39229,chinese
16926,3095,moroccan
4275,25350,chinese
525,23449,french
37134,24730,italian
1695,37696,southern_us
8513,7618,korean
6253,13855,indian
19439,7559,spanish
2067,34563,mexican
18424,3394,italian
20754,40463,italian
19651,45274,italian
3032,38759,italian
37965,13597,korean
12697,602,italian
14556,39275,mexican
19117,42017,vietnamese
28975,1148,italian
3630,30191,korean
16360,1590,southern_us
35547,11672,mexican
19867,6342,mexican
26350,34649,italian
29418,47966,chinese
22341,25922,chinese
27900,23802,mexican
7375,36762,italian
39224,2089,southern_us
7942,30364,italian
36669,731,mexican
20241,17615,italian
31430,19369,brazilian
39082,30713,italian
18212,25994,spanish
32388,25031,chinese
17473,1873,southern_us
24536,37838,thai
13322,38883,italian
12653,23326,cajun_creole
34191,43340,chinese
4753,32386,italian
33120,15280,italian
2659,49547,southern_us
8733,32222,southern_us
22727,655,italian
2124,44896,chinese
27255,34927,mexican
36246,4508,mexican
24804,34173,italian
26584,47267,mexican
19694,37104,mexican
8023,33966,southern_us
3025,46822,italian
2294,40880,mexican
8440,49122,french
5154,35795,mexican
1894,20248,italian
10598,30868,italian
18390,8039,italian
25280,19681,mexican
25932,44819,indian
38051,37190,indian
33555,33260,italian
32259,25817,mexican
36857,5177,italian
26587,11934,thai
18285,12963,french
29914,13406,italian
3973,7545,korean
21600,41778,italian
22823,2610,italian
1157,34521,chinese
18168,3801,italian
10429,19644,chinese
716,22434,mexican
3482,46603,italian
10540,12399,thai
1433,11667,italian
14383,35294,indian
693,27107,italian
16375,13324,indian
6509,20808,mexican
24437,37923,italian
33460,39778,indian
31029,47458,mexican
447,38473,thai
2890,49085,vietnamese
14878,47524,french
30153,39074,italian
6725,6279,moroccan
5874,10460,southern_us
28101,34206,southern_us
23775,24356,italian
10580,37344,italian
7709,27013,filipino
36219,30539,italian
2586,33060,korean
18092,11179,italian
11821,37892,french
28777,16311,mexican
25072,16924,italian
16057,7036,italian
12711,42408,italian
32604,37439,southern_us
22444,44256,italian
22614,322,thai
33224,4817,cajun_creole
35264,27517,french
10438,19050,chinese
18982,48702,moroccan
38337,45267,mexican
2127,29301,vietnamese
6138,8140,italian
14497,4918,cajun_creole
27528,10884,indian
30002,49682,filipino
27594,45216,italian
27423,23499,mexican
8846,26271,chinese
7099,32195,mexican
9121,43985,italian
1095,44969,southern_us
27470,42086,mexican
35799,1421,southern_us
21168,3248,mexican
11282,29303,italian
2699,48855,mexican
31699,42598,mexican
11924,23254,southern_us
24661,27928,mexican
20313,39396,italian
17724,25517,japanese
33964,42891,mexican
26364,6986,italian
10934,48644,irish
1509,29015,korean
15738,46795,southern_us
24565,28002,french
2855,3441,british
31209,10990,chinese
9219,11938,mexican
35316,37473,mexican
21058,16537,italian
14645,30038,southern_us
26262,2477,italian
4677,28160,indian
774,15753,southern_us
23789,10872,italian
13450,44648,moroccan
20375,36423,southern_us
29186,22242,chinese
15714,22815,italian
23900,43356,french
10476,23348,indian
22797,43371,italian
24509,26674,italian
14157,48158,indian
14576,16443,italian
16624,25151,mexican
10857,895,moroccan
14691,45257,southern_us
5685,28615,italian
11995,16468,indian
33516,13843,mexican
22131,47698,italian
24075,20658,italian
20330,23923,italian
24893,48041,mexican
22842,40647,british
22278,44957,italian
37950,28219,mexican
31388,20452,italian
35203,6877,italian
20924,32945,chinese
24258,47313,thai
16140,18604,chinese
35407,32189,italian
3024,44229,southern_us
14261,35924,southern_us
9680,43139,korean
18900,7677,italian
15477,22766,mexican
4014,12101,korean
17372,41938,southern_us
223,17816,mexican
15246,48646,italian
10333,26317,southern_us
4312,20405,mexican
4334,20775,italian
5375,37983,southern_us
31138,12325,italian
12948,16913,chinese
1770,27866,chinese
5978,30864,french
14133,12513,southern_us
5101,37310,italian
21791,36689,mexican
38392,7245,mexican
19534,49625,southern_us
21864,45662,indian
30855,39917,mexican
23816,9193,mexican
35060,23220,indian
38068,6772,french
10579,34820,chinese
14816,37172,italian
11390,3990,italian
28416,11055,italian
31783,44763,moroccan
9980,38051,italian
21992,2745,italian
34293,29084,indian
28259,29245,indian
30586,5899,indian
833,23068,italian
18143,34204,italian
